Release,Track No#,Song Title,Artist,Rep Count,Duration,Genre,Hard?,Easy to Learn?,Tags
60,1 - Warmup,Invincible,Carola,,4:49,Pop,,,
60,2 - Squats,What's Up,Zander feat. Alexis Hart,,5:31,Pop,,,
60,3 - Chest,Have A Nice Day,Bon Jovi,,5:00,Rock,,,"Sing-Along, Spring"
60,4 - Back,Africa,E-Type,,5:05,Pop,,,
60,5 - Triceps,Who Knew,P!nk,,4:26,Pop,,,"P!nk, Women of Pop, Short (<4:30)"
60,6 - Biceps,Flaunt It,TV Rock feat. Seany B,,4:07,EDM,,,Short (<4:30)
60,7 - Lunges,Angel,b*p*m,,4:52,Pop,,,
60,8 - Shoulders,One Night In Bangkok,Vinylshakerz,,4:09,EDM,,,Short (<4:30)
60,9 - Core,Hips Don't Lie,Shakira feat. Wyclef Jean,,4:16,Latin,,,"Sing-Along, Short (<4:30)"
60,10 - Cooldown,So Far Away,Amici Forever,,4:24,Pop,,,Short (<4:30)
61,1 - Warmup,Love Changes (Everything) (Original Radio Edit),Musikk feat John Rock,,5:29,Pop,,,
61,2 - Squats,Walk On Water (Flip & Fill Remix),Milk Inc,,5:28,EDM,,,
61,3 - Chest,I'm Not Dead,P!nk,,5:44,Pop,,,"P!nk, Women of Pop"
61,4 - Back,Miracle (Extended Mix),Cascada,,5:26,EDM,,,
61,5 - Triceps,Sexyback (Clean Version),Justin Timberlake,,4:01,Pop,,,"Valentine's Day, Sing-Along, Short (<4:30), Spicy"
61,6 - Biceps,Original Fire,Audioslave,,3:36,Rock,,,Short (<4:30)
61,7 - Lunges,Somebody's Watching Me (Hi_Tack Radio Edit),BeatFreakz,,5:05,EDM,,,Halloween
61,8 - Shoulders,Uprocking Beats,Bomfunk MCs,,4:02,EDM,,,Short (<4:30)
61,9 - Core,Deja Vu,Beyonce feat Jay Z,,4:05,Pop,,,Short (<4:30)
61,10 - Cooldown,Chasing Cars,Snow Patrol,,4:34,Pop,,,Emo
62,1 - Warmup,I Believe In Dreams (Full On Vocal Radio Edit),Jackie Rawe,,5:18,Pop,,,
62,2 - Squats,Run To Paradise,Nick Skitz vs The Choirboys,,5:52,Pop,,,
62,3 - Chest,Rock This Party (Everybody Dance Now) (Original),"Bob Sinclair & Cutee B feat. Dollarman, Big Ali & Makedah",,5:33,Pop,,,
62,4 - Back,How Long (Radio Mix),Jessy,,5:13,Pop,,,
62,5 - Triceps,Wind It Up (Main Mix),Gwen Stefani,,4:34,Pop,,,
62,6 - Biceps,Weight Of The World,Evanescence,,3:32,Rock,,,"Emo, Short (<4:30)"
62,7 - Lunges,I Go Crazy (Giuseppe D.'s Euro Madness Mix),DHT feat. Edmee,,5:17,Pop,,,
62,8 - Shoulders,The Power Of Bhangra 2003,Snap! vs Motivo,,4:39,Pop,,,
62,9 - Core,My Love feat. T.I.,Justin Timberlake,,4:47,Pop,,,Valentine's Day
62,10 - Cooldown,Lips Of An Angel,Hinder,,4:26,Pop,,,Short (<4:30)
63,1 - Warmup,All For You,Kate Ryan,,5:14,Pop,,,
63,2 - Squats,Truly Madly Deeply (Club Mix),Cascada,,5:29,EDM,,,
63,3 - Chest,Famous Last Words,My Chemical Romance,,4:56,Rock,,,Emo
63,4 - Back,Think About The Way (Extended Mix),Frisco v Ice MC,,5:27,Pop,,,
63,5 - Triceps,Faster Kill Pussycat (Club Mix),Paul Oakenfold feat. Brittany Murphy,,4:16,Pop,,,Short (<4:30)
63,6 - Biceps,Ain't No Other Man (Radio Version),Christina Aguilera,,3:42,Pop,,,"Women of Pop, Short (<4:30)"
63,7 - Lunges,Love Sensation '06 (Hi_Tack Burnin' Up Radio Edit),Loleatta Holloway,,5:06,Pop,,,
63,8 - Shoulders,Fast Life (Clean Version),Freestylers,,4:39,Pop,,,
63,9 - Core,The Sweet Escape featuring Akon,Gwen Stefani,,4:13,Pop,,,"Women of Pop, Short (<4:30)"
63,10 - Cooldown,It Ends Tonight,The All-American Rejects,,4:10,Rock,,,"Emo, Short (<4:30)"
64,1 - Warmup,"Walk Away (Tony Moran, Warren Rigg Evolution Mix)",Tony Moran feat Kristine W,,5:08,Pop,,,
64,2 - Squats,More Than A Feeling,Rockout,,5:43,Pop,,,
64,3 - Chest,In Love With You,Freestylers,,5:38,Pop,,,
64,4 - Back,See The Light (Original Mix),Paradise,,5:33,Pop,,,"Valentine's Day, Spring"
64,5 - Triceps,Hungry,INXS,,4:21,Pop,,,Short (<4:30)
64,6 - Biceps,Hey Everybody (feat Kurtis Blow and Max C),Bomfunk MC's,,3:57,Pop,,,Short (<4:30)
64,7 - Lunges,The Sun Always Shines On TV,Milk Inc,,5:11,EDM,,,"Summer, Spring"
64,8 - Shoulders,Keep Your Hands Off My Girl,Good Charlotte,,4:09,Rock,,,"Emo, Short (<4:30)"
64,9 - Core,Here Comes The Hotstepper,Ini Kamoze,,4:12,Pop,,,"Sing-Along, Short (<4:30)"
64,10 - Cooldown,Hurt,Christina Aguilera,,4:09,Pop,,,"Break-Up Songs, Women of Pop, Short (<4:30)"
65,1 - Warmup,Way Of Life,Slinkee Minx,,5:19,Pop,,,
65,2 - Squats,Just Like Paradise (Skitz Clubb Mixx),Nick Skitz,,5:48,Pop,,,
65,3 - Chest,Breakaway (Chris Fraser Radio Edit),Inaya Day,,4:49,Pop,,,
65,4 - Back,Wanna Be Free,Paradise,,5:52,Pop,,,
65,5 - Triceps,Get Down Feat. Stush,Groove Armada,,3:59,EDM,,,Short (<4:30)
65,6 - Biceps,"Too Much, Too Young, Too Fast",Airbourne,,3:59,Pop,,,Short (<4:30)
65,7 - Lunges,Blinded By The Light,Michael Mind feat. Manfred Mann's Earth Band,,5:16,Pop,,,
65,8 - Shoulders,Meet Her At The Love Parade 2007 (Club Mix),DJ Aligator,,4:58,EDM,,,Pride
65,9 - Core,Stronger (Radio Edit),Kanye West,,4:13,Hip-Hop,,,"Sing-Along, Beast Mode, Positive Vibes, Short (<4:30)"
65,10 - Cooldown,Like The Sun,RyanDan,,4:32,Pop,,,Summer
66,1 - Warmup,Rain Down Love,Freemasons Feat. Siedah Garrett,,5:19,Pop,,,"Valentine's Day, Spring"
66,2 - Squats,Cisko Disko,Rico Bass Vs DJ Bonito,,5:49,EDM,,,
66,3 - Chest,Get Up,Technotronic,,5:38,EDM,,,
66,4 - Back,What Hurts The Most,Cascada,,5:53,EDM,,,
66,5 - Triceps,Time After Time,Quietdrive,,3:59,Pop,,,Short (<4:30)
66,6 - Biceps,On Your Way To The Disco,Rogue Traders,,4:07,Pop,,,Short (<4:30)
66,7 - Lunges,Show Me Heaven,Micky Modelle vs Jessy,,5:03,Pop,,,
66,8 - Shoulders,Where Are You 2007 (Paffendorf vs The Real Booty Babes Club Mix),Paffendorf,,5:03,Pop,,,
66,9 - Core,Extreme Ways (Bourne's Ultimatum),Moby,,4:26,Pop,,,Short (<4:30)
66,10 - Cooldown,Always On Your Side,Sheryl Crow,,4:16,Pop,,,"Women of Pop, Short (<4:30)"
67,1 - Warmup,Bleeding Love,Jamie Knight (original: Leona Lewis),,5:06,Pop,,,"Break-Up Songs, Women of Pop"
67,2 - Squats,Piece Of My Heart,Jan Wayne,,5:51,Pop,,,
67,3 - Chest,Paralyzer,Finger Eleven,,4:49,Pop,,,
67,4 - Back,Eurofighter,E-Type,,4:57,Pop,,,
67,5 - Triceps,Cuz I Can,P!nk,,5:03,Pop,,,"P!nk, Women of Pop"
67,6 - Biceps,We Got It Going On,Bon Jovi,,4:17,Rock,,,Short (<4:30)
67,7 - Lunges,I Need A Miracle,KLM,,5:16,Pop,,,Sing-Along
67,8 - Shoulders,Now You're Gone (DJ Alex),Basshunter,,4:48,Pop,,,
67,9 - Core,B Boy Baby,Mutya Buena,,3:56,Pop,,,Short (<4:30)
67,10 - Cooldown,Angel,Aerosmith,,4:58,Rock,,,
68,1 - Warmup,Perfect Day,Indigo,,5:27,Pop,,,"Positive Vibes, Spring, Summer"
68,2 - Squats,Big Girls Don't Cry,Nick Skitz,,5:42,Pop,,,
68,3 - Chest,It's Not My Time,3 Doors Down,,5:00,Rock,,,
68,4 - Back,What Do You Want From Me,Cascada,,5:17,EDM,,,
68,5 - Triceps,Hook Me Up,Veronicas,,5:02,Pop,,,
68,6 - Biceps,Start It,Vanessa Amorosi,,3:39,Pop,,,Short (<4:30)
68,7 - Lunges,Listen To Your Heart,Nick Skitz,,5:26,Pop,,,Valentine's Day
68,8 - Shoulders,My Game,Darude,,4:14,Pop,,,Short (<4:30)
68,9 - Core,Forever,Chris Brown,,4:37,Hip-Hop,,,
68,10 - Cooldown,Dare To Live,Andrea Bocelli,,4:08,Pop,,,"Short (<4:30), Spring"
69,1 - Warmup,Better In Time,Jamie Knight,,5:45,Pop,,,
69,2 - Squats,Get This Party Started,Dan Winter,,5:31,Pop,,,New Year's Eve
69,3 - Chest,I Don't Care,Fall Out Boy,,4:46,Rock,,,Emo
69,4 - Back,Castles In The Sky,Liz Kay,,5:34,Pop,,,
69,5 - Triceps,Shut Up & Drive,Rihanna,,4:30,Pop,,,"Spicy, Women of Pop, Sing-Along, Short (<4:30)"
69,6 - Biceps,So What,P!nk,,3:33,Pop,,,"P!nk, Women of Pop, Short (<4:30), Break-Up Songs"
69,7 - Lunges,Stand Alone,Dyce,,5:09,Pop,,,
69,8 - Shoulders,All I Ever Wanted,Basshunter,,4:44,Pop,,,
69,9 - Core,All Summer Long,Kid Rock,,4:47,Rock,,,Summer
69,10 - Cooldown,Let Me Be Myself,3 Doors Down,,3:53,Pop,,,Short (<4:30)
70,1 - Warmup,Don't Leave Me With The Light On,Danzel,,5:00,Pop,,,
70,2 - Squats,It's All Your Fault,P!nk,,4:59,Pop,,,"P!nk, Break-Up Songs, Women of Pop"
70,3 - Chest,Infinity 2008 (Klaas Vocal Edit),Guru Josh Project,,4:39,Pop,,,
70,4 - Back,True Believer,E-Type,,5:09,Pop,,,
70,5 - Triceps,Better,Christina Aguilera,,4:34,Pop,,,Women of Pop
70,6 - Biceps,Gotta Be Somebody,Nickelback,,4:05,Rock,,,Short (<4:30)
70,7 - Lunges,Raindrops (Encore Une Fois Part II) (Kindervater Remix),Sash! feat. Stunt,,5:30,Hip-Hop,,,
70,8 - Shoulders,Thunderstruck,Hinder (original: AC/DC),,4:43,Rock,,,"Spring, Beast Mode"
70,9 - Core,Love Lockdown,Kanye West,,4:35,Hip-Hop,,,Valentine's Day
70,10 - Cooldown,If I Were A Boy,Beyonce,,4:15,Pop,,,"Women of Pop, Break-Up Songs, Short (<4:30)"
71,1 - Warmup,Magnetized (Original Mix),James Sampson,,4:28,Pop,,,Short (<4:30)
71,2 - Squats,"Summer Of 69 (Picco, Jens O & Maddin Orignial Mix)",Mega Mania (original: Bon Jovi),,5:13,Rock,,,"Sing-Along, Spicy, Summer"
71,3 - Chest,Right Round,Flo Rida feat. Ke$ha,,5:25,Hip-Hop,,,Sing-Along
71,4 - Back,When Love Becomes A Lie,Liz Kay,,5:15,Pop,,,
71,5 - Triceps,"Black Fingernails, Red Wine",Eskimo Joe,,4:06,Pop,,,Short (<4:30)
71,6 - Biceps,What I've Done,Hiroshi Free,,4:21,Pop,,,Short (<4:30)
71,7 - Lunges,Doesn't Matter,Mamad Voltek,,5:16,Pop,,,
71,8 - Shoulders,Operation Blade 09,Public Domain,,4:00,Pop,,,Short (<4:30)
71,9 - Core,Circus,Britney Spears,,4:17,Pop,,,"Sing-Along, Women of Pop, Short (<4:30)"
71,10 - Cooldown,Sober,P!nk,,4:16,Pop,,,"P!nk, Women of Pop, Short (<4:30)"
72,1 - Warmup,If (Freemasons 2009 Re-Rub),Freemasons feat. Hazel Fernandes,,5:07,Pop,,,Pride
72,2 - Squats,I Do Not Hook Up,Kelly Clarkson,,5:34,Pop,,,"Women of Pop, Break-Up Songs"
72,3 - Chest,Always Be Here,Dane Rumble,,4:53,Pop,,,
72,4 - Back,Perfect Day,Cascada,,4:59,EDM,,,"Positive Vibes, Spring"
72,5 - Triceps,Sugar,Flo Rida feat. Wynter,,4:02,Hip-Hop,,,Short (<4:30)
72,6 - Biceps,Know Your Enemy,Ricochet TV (original: Green Day),,4:40,Rock,,,Emo
72,7 - Lunges,Gone,Lasgo,,5:32,Pop,,,
72,8 - Shoulders,Beat It,Xeroxx,,4:31,Pop,,,
72,9 - Core,Love Sex Magic,Ciara feat. Justin Timberlake,,3:45,Hip-Hop,,,Short (<4:30)
72,10 - Cooldown,Careless Whisper,Badlands (original: George Michael),,4:29,Pop,,,"Sing-Along, Short (<4:30)"
73,1 - Warmup,Release Me,Linzi Paul,,4:40,Pop,,,Pride
73,2 - Squats,DOA,Telstarr,,5:34,Pop,,,
73,3 - Chest,I Gotta Feeling,TransNoise (original: Black Eyed Peas),,5:24,Hip-Hop,,,"Sing-Along, Positive Vibes"
73,4 - Back,Mysterious Times (Kindervater vs Jens O Remix Edit),Sash feat. Tina Cousins,,5:12,Hip-Hop,,,
73,5 - Triceps,Evacuate The Dance Floor,Studio88,,4:47,Pop,,,
73,6 - Biceps,New Divide,Crimson Ltd (original: Linkin Park),,4:28,Rock,,,Short (<4:30)
73,7 - Lunges,When Love Takes Over,Olson Bjerre,,5:11,Pop,,,"Valentine's Day, Pride"
73,8 - Shoulders,Smells Like Teen Spirit (Voc Mix),Warp Bros (original: Nirvana),,4:36,Rock,,,"Sing-Along, Beast Mode"
73,9 - Core,S.O.S (Let The Music Play),Jordin Sparks,,4:14,Pop,,,"Women of Pop, Short (<4:30)"
73,10 - Cooldown,No Surprise,Daughtry,,4:34,Rock,,,
74,1 - Warmup,Run (Almighty Anthem Radio Edit),Jamie Knight,,4:38,Pop,,,
74,2 - Squats,This Is Who I Am,Annie Lee,,5:29,Pop,,,
74,3 - Chest,We Weren't Born To Follow,OneZeroOne feat. Ant P (original: Bon Jovi),,5:00,Rock,,,Pride
74,4 - Back,Don't Speak,Alex Cortez (original: No Doubt),,5:13,Pop,,,"Women of Pop, Break-Up Songs, Sing-Along"
74,5 - Triceps,3,Britney Spears,,4:30,Pop,,,"Spicy, Women of Pop, Sing-Along, Short (<4:30)"
74,6 - Biceps,Boom Boom Pow,Beat Factory (original: Black Eyed Peas),,4:17,Hip-Hop,,,Short (<4:30)
74,7 - Lunges,Dangerous,Rhythm Twins,,5:50,Pop,,,
74,8 - Shoulders,She's A Genius,Badlands Inc,,4:21,Pop,,,Short (<4:30)
74,9 - Core,In My Head,Jason Derulo,,4:19,Hip-Hop,,,Short (<4:30)
74,10 - Cooldown,Art Of Love (featuring Jordin Sparks),Guy Sebastian,,4:04,Pop,,,Short (<4:30)
75,1 - Warmup,Fever,OneZeroOne,,5:15,Pop,,,
75,2 - Squats,Watcha Say (B-Tastic Remix),Henry Blank (original: Imogen Heap),,5:26,Pop,,,
75,3 - Chest,Shut It Down,Pitbull featuring Akon,,4:59,Latin,,,
75,4 - Back,Wherever You Will Go (Handz Up Edit),Jan Wayne,,5:45,Pop,,,
75,5 - Triceps,Bad Influence,P!nk,,4:39,Pop,,,"P!nk, Women of Pop"
75,6 - Biceps,Cowboy Casanova,Carrie Underwood,,3:50,Pop,,,"Short (<4:30), Women of Pop, Break-Up Songs"
75,7 - Lunges,I Will Be Here,DJ Lotus,,5:01,EDM,,,
75,8 - Shoulders,Ravers In The UK (Hypasonic Remix),Manian,,5:13,Pop,,,
75,9 - Core,More,Usher,,3:55,Hip-Hop,,,Short (<4:30)
75,10 - Cooldown,Whataya Want From Me,Adam Lambert,,3:54,Pop,,,"Short (<4:30), Pride"
76,1 - Warmup,The Climb (Almighty Essential Radio Edit),Almighty Pop Factor (original: Miley Cyrus),,5:45,Pop,,,"Sing-Along, Positive Vibes, Women of Pop, Pride"
76,2 - Squats,Telephone (Original Radio Edit),Pandora BX (original: Beyonce and Lady Gaga),,5:12,Pop,,,Women of Pop
76,3 - Chest,Beautiful Day,Lee Jones,,5:07,Pop,,,Spring
76,4 - Back,Pyromania,Sun Flash,,5:58,Pop,,,
76,5 - Triceps,My First Kiss,3OH!3 feat. Ke$ha,,5:12,Pop,,,Valentine's Day
76,6 - Biceps,Not Myself Tonight,Christina Aguilera,,4:26,Pop,,,"Women of Pop, Short (<4:30)"
76,7 - Lunges,Storm,DJ Lotus,,4:33,EDM,,,Spring
76,8 - Shoulders,Bring It Back,Paffendorf,,4:56,Pop,,,
76,9 - Core,Cooler Than Me,Mike Posner,,3:40,Pop,,,Short (<4:30)
76,10 - Cooldown,The Truth,Kris Allen,,4:08,Pop,,,Short (<4:30)
77,1 - Warmup,Commander,Spacegliderz,,5:29,Pop,,,
77,2 - Squats,It's My Life,Swade (original: Bon Jovi),,4:49,Rock,,,"Sing-Along, Positive Vibes"
77,3 - Chest,DJ Got Us Fallin' In Love,Usher feat. Pitbull,,4:59,Pop,,,"Valentine's Day, New Year's Eve, Sing-Along"
77,4 - Back,Hold Me Tonight (Manox Remix),Manian,,5:31,Pop,,,
77,5 - Triceps,I Like It,Tokyo Haze (original: Enrique Iglesias and Pitbull),,5:19,Pop,,,Sing-Along
77,6 - Biceps,Diamond Eyes (Boom-Lay Boom-Lay Boom),Shinedown,,5:25,Pop,,,
77,7 - Lunges,Only Girl In The World (E-Nergy Remix),Nick Skitz vs DJ Lotus (original: Rihanna),,5:34,EDM,,,"Valentine's Day, Women of Pop, Sing-Along"
77,8 - Shoulders,Ti Sento,Scooter,,4:49,Pop,,,
77,9 - Core,We No Speak Americano,Yolanda Be Cool vrs DCUP,,4:19,Pop,,,Short (<4:30)
77,10 - Cooldown,One Last Chance,Daughtry,,3:33,Rock,,,Short (<4:30)
78,1 - Warmup,Saturday,Basshunter,,4:47,Pop,,,
78,2 - Squats,Beautiful Monster (Damn-R Remix),Mick Lion,,5:37,Pop,,,Halloween
78,3 - Chest,Sweet Child O' Mine,Swade (original: Guns 'n' Roses),,5:36,Rock,,,"Sing-Along, Valentine's Day, Hard, Positive Vibes"
78,4 - Back,Tonight Is The Night 2K10 (Extended Mix),Raindropz ! vs Le Click,,5:33,Pop,,,
78,5 - Triceps,Yeah 3x,Chris Brown,,4:38,Hip-Hop,,,
78,6 - Biceps,Raise Your Glass,P!nk,,4:33,Pop,,,"P!nk, New Year's Eve, Women of Pop, Pride"
78,7 - Lunges,Firework (Klub Smasherz Remix),Galaxy Surfers (original: Katy Perry),,5:52,Pop,,,"Women of Pop, New Year's Eve, Summer, Pride"
78,8 - Shoulders,Welcome To Africa (Short Cut),Paffendorf,,5:29,Pop,,,
78,9 - Core,Please Don't Go,Mike Posner,,4:30,Pop,,,Short (<4:30)
78,10 - Cooldown,Just A Dream,Fire & Ice,,4:02,Pop,,,Short (<4:30)
79,1 - Warmup,Higher,Logan S. feat. Mandy Brewer,,5:01,Pop,,,
79,2 - Squats,Closer To The Edge,Mekon Garden,,5:56,Pop,,,
79,3 - Chest,Party All Night (Sleep All Day),Sean Kingston,,5:09,Hip-Hop,,,New Year's Eve
79,4 - Back,Written In The Stars (Sunny Dee Remix),Jason Born,,5:33,Pop,,,
79,5 - Triceps,Born This Way,Southern Light (original: Lady Gaga),,5:00,Pop,,,"Positive Vibes, Women of Pop, Pride"
79,6 - Biceps,Livin' On A Prayer,Altiyan Childs (original: Bon Jovi),,4:15,Rock,,,"Sing-Along, Positive Vibes, Short (<4:30)"
79,7 - Lunges,Grenade (Damn-R Mix),Jason Born,,5:05,Pop,,,Break-Up Songs
79,8 - Shoulders,J'Adore Hardcore (Extended Mix),Scooter,,5:25,EDM,,,
79,9 - Core,We'll Be Alright,Travie McCoy,,3:23,Pop,,,Short (<4:30)
79,10 - Cooldown,The Crow & The Butterfly,Shinedown,,4:39,Pop,,,Spring
80,1 - Warmup,Resuscitate Me,September,,5:31,Pop,,,Spring
80,2 - Squats,The Edge Of Glory (Glory Mix),Red Beans & Rice (original: Lady Gaga),,5:56,Pop,,,"Positive Vibes, Women of Pop, Spring, Pride"
80,3 - Chest,Smells Like Teen Spirit,Ninth Immortal (original: Nirvana),,5:25,Rock,,,"Sing-Along, Beast Mode"
80,4 - Back,The Tide,Twilight,,5:25,Pop,,,Summer
80,5 - Triceps,Till The World Ends,Britney Spears,,4:39,Pop,,,"Women of Pop, Sing-Along, New Year's Eve, Halloween"
80,6 - Biceps,Eye Of The Tiger,Altiyan Childs (original: Survivor),,4:26,Rock,,,"Positive Vibes, Sing-Along, Beast Mode, Short (<4:30)"
80,7 - Lunges,Fading Like A Flower (Club Radio Mix),Dan Winter,,5:20,Pop,,,Spring
80,8 - Shoulders,Hands Up! (Sample Ripperz Remix),Jens O.,,5:34,Pop,,,
80,9 - Core,Rolling In The Deep,Colourbox (original: Adele),,4:52,Pop,,,"Sing-Along, Women of Pop, Break-Up Songs"
80,10 - Cooldown,Fade Into Me,David Cook,,4:12,Pop,,,Short (<4:30)
81,1 - Warmup,You Make Me Feel,Cobra Starship feat. Sabi,,4:56,Pop,,,
81,2 - Squats,Higher Ground,Jagged Eagle,,5:13,Pop,,,
81,3 - Chest,Loud,Stan Walker,,4:58,Pop,,,
81,4 - Back,Ravers Fantasy (Manox Remix),Manian,,6:07,Pop,,,Long (>6 min)
81,5 - Triceps,Domino,Miss Daise,,4:58,Pop,,,
81,6 - Biceps,I Own You,Shinedown,,3:35,Pop,,,Short (<4:30)
81,7 - Lunges,San Francisco (Remix II),Fine Tune,,5:09,Pop,,,"Sing-Along, Pride"
81,8 - Shoulders,Blood Is Pumping,Blade X,,4:53,Pop,,,
81,9 - Core,Mr Saxobeat,Alexandra Stan,,4:06,Pop,,,Short (<4:30)
81,10 - Cooldown,Best Thing I Never Had,Beyonce,,4:38,Pop,,,"Women of Pop, Break-Up Songs"
82,1 - Warmup,Raining Diamonds,Ricki-Lee,,4:40,Pop,,,Spring
82,2 - Squats,Someone Like You (Kris McTwain Club Edit),N-Finity (original: Adele),,5:28,Pop,,,"Women of Pop, Break-Up Songs"
82,3 - Chest,I Like How It Feels,Solitary Phase (original: Enrique Iglesias and Pitbull),,5:04,Pop,,,
82,4 - Back,Bring Me To Life (Hands Up Club Mix),Jan Wayne (original: Evanescence),,5:39,Rock,,,"Sing-Along, Emo, Halloween, Spring"
82,5 - Triceps,Bad Case Of Loving You,Secret Appendix (original: Robert Palmer),,4:32,Rock,,,Valentine's Day
82,6 - Biceps,Bottoms Up,Nickelback,,3:34,Rock,,,Short (<4:30)
82,7 - Lunges,Ecuador (Bad Behaviour Remix),Sash!,,5:25,Pop,,,
82,8 - Shoulders,Be Cool 2011 (DJ From Mars Club Remix),Paffendorf,,5:42,Pop,,,Winter
82,9 - Core,Feel So Close,Calvin Harris,,3:30,EDM,,,"Short (<4:30), Valentine's Day, Positive Vibes"
82,10 - Cooldown,Time To Say Goodbye,Il Divo,,4:45,Pop,,,
83,1 - Warmup,Set It Off (Wings & Rider Remix Edit),Pimp Dawg,,5:11,Pop,,,
83,2 - Squats,Summer Of '69,Yesterday Affair (original: Bon Jovi),,5:23,Rock,,,"Sing-Along, Summer, Spicy"
83,3 - Chest,Turn Up The Music,Chris Brown,,5:01,Hip-Hop,,,New Year's Eve
83,4 - Back,Set Fire To The Rain (B&W Remix),Fizzy Deejay (original: Adele),,5:46,Pop,,,"Break-Up Songs, Halloween, Spring, Women of Pop"
83,5 - Triceps,Glad You Came,Toy Hypo (original: The Wanted),,5:12,Pop,,,"Positive Vibes, Sing-Along"
83,6 - Biceps,Stronger (What Doesn't Kill You),Kelly Clarkson,,3:40,Pop,,,"Women of Pop, Positive Vibes, Pride, Short (<4:30), Sing-Along"
83,7 - Lunges,Turn The Tide (Manox Remix),Manian & Aila,,5:38,Pop,,,Summer
83,8 - Shoulders,C'est Bleu,Scooter feat. Vicky Leandros,,5:37,Pop,,,
83,9 - Core,When We Stand Together,Nickelback,,3:49,Rock,,,"Positive Vibes, Short (<4:30)"
83,10 - Cooldown,Better Than I Know Myself,Adam Lambert,,4:03,Pop,,,Short (<4:30)
84,1 - Warmup,Let's Go,Lock Jaw,,4:57,Pop,,,
84,2 - Squats,Turning Tables,Element Depot (original: Adele),,5:12,Pop,,,Women of Pop
84,3 - Chest,Welcome To The Jungle,Guiltless United (original: Guns 'n' Roses),,5:04,Rock,,,"Sing-Along, Beast Mode, Summer"
84,4 - Back,Because the Night (Manian Bootleg Cut),Cascada,,5:29,EDM,,,"Pride, Valentine's Day"
84,5 - Triceps,Scream,Usher,,4:57,Hip-Hop,,,"Halloween, Sing-Along"
84,6 - Biceps,Crazy,Klayplex,,4:34,Pop,,,
84,7 - Lunges,Where Have You Been,Reality Hero (original: Rihanna),,5:39,Pop,,,Women of Pop
84,8 - Shoulders,Welcome To The Club 2011 (Discotronic Radio Edit),Manian,,5:24,Pop,,,"Pride, New Year's Eve"
84,9 - Core,Whistle,Flo Rida,,3:50,Hip-Hop,,,Short (<4:30)
84,10 - Cooldown,Lullaby,Nickelback,,3:53,Rock,,,Short (<4:30)
85,1 - Warmup,Heartbreak On Hold,Alexandra Burke,,4:33,Pop,,,
85,2 - Squats,Antidote,Swedish House Mafia vs. Knife Party,,5:27,EDM,,,
85,3 - Chest,Uprising,Muse,,5:48,Rock,,,"Beast Mode, Positive Vibes, Sing-Along, Hard"
85,4 - Back,The Rhythm Of The Night (Ryan T. & Rick M. Radio Edit),Cascada,,5:26,EDM,,,New Year's Eve
85,5 - Triceps,Let It Roll,Flo Rida,,4:05,Pop,,,Short (<4:30)
85,6 - Biceps,Blow Me (One Last Kiss) (Clean Radio Edit),P!nk,,4:13,Pop,,,"P!nk, Women of Pop, Break-Up Songs, Short (<4:30)"
85,7 - Lunges,Spectrum,Loyal Crown,,5:41,Pop,,,
85,8 - Shoulders,This Is How We Rock! (Hardforze H.A.R.D Remix Edit),Brooklyn Bounce,,5:20,Pop,,,
85,9 - Core,One More Night,Eastern Clause,,4:38,Pop,,,
85,10 - Cooldown,Forever,Six60,,5:18,Pop,,,
86,1 - Warmup,I Cry,Flo Rida,,4:52,Hip-Hop,,,
86,2 - Squats,In The Clear,Six60,,6:29,Pop,,,Long (>6 min)
86,3 - Chest,Your Body,Christina Aquilera,,4:58,Pop,,,Women of Pop
86,4 - Back,Campione 2012,DJ Flow,,4:52,EDM,,,
86,5 - Triceps,50 Ways To Say Goodbye,Train,,5:21,Pop,,,"Sing-Along, Hard"
86,6 - Biceps,Dark Side,Kelly Clarkson,,3:42,Pop,,,"Women of Pop, Short (<4:30)"
86,7 - Lunges,Don't You Worry Child (Radio Edit),Swedish House Mafia feat. John Martin,,5:19,Pop,,,"Positive Vibes, Pride"
86,8 - Shoulders,We'll Be Coming Back,Upon Havoc,,5:44,Pop,,,
86,9 - Core,She's So Mean,Matchbox 20,,3:56,Rock,,,"Sing-Along, Short (<4:30), Break-Up Songs"
86,10 - Cooldown,Try,P!nk,,4:31,Pop,,,"P!nk, Women of Pop"
87,1 - Warmup,Let There Be Love,Christina Aguilera,,5:22,Pop,,,"Women of Pop, Valentine's Day, Spicy, Pride"
87,2 - Squats,Black Betty,Scooter,,5:20,EDM,,,Sing-Along
87,3 - Chest,Don't Stop The Party,Pitbull ft. TJR,,5:21,Latin,,,"New Year's Eve, Pride"
87,4 - Back,Again & Again (Club Mix),Nick Skitz & Basslouder ft. Brooklyn Bounce,,5:31,Pop,,,Spring
87,5 - Triceps,My Songs Know What You Did In The Dark,Fall Out Boy,,4:02,Pop,,,"Beast Mode, Emo, Halloween, Short (<4:30)"
87,6 - Biceps,Bom Bom,Sam And The Womp,,4:19,Pop,,,Short (<4:30)
87,7 - Lunges,Sweet Nothing,Calvin Harris feat. Florence Welch,,5:35,Pop,,,"Valentine's Day, Hard, Women of Pop, Break-Up Songs"
87,8 - Shoulders,Crush On You,Nero,,4:44,Pop,,,"Valentine's Day, Pride"
87,9 - Core,Troublemaker,Olly Murs ft. Flo Rida,,4:16,Pop,,,Short (<4:30)
87,10 - Cooldown,Here Without You,3 Doors Down,,4:21,Rock,,,"Break-Up Songs, Short (<4:30)"
88,1 - Warmup,Tonight,Jessica Sanchez feat. Ne-Yo,,4:59,Pop,,,
88,2 - Squats,Killer (Crush Remix),Skism feat. DC Breaks & Dee Freer,,5:42,Hip-Hop,,,Halloween
88,3 - Chest,A Little Party Never Killed Nobody (All We Got),"Fergie, Q-Tip & GoonRock",,5:27,Pop,,,"New Year's Eve, Women of Pop"
88,4 - Back,Somebody (Cc.K Remix),Jens O.,,5:39,Pop,,,
88,5 - Triceps,Can't Hold Us,Macklemore & Ryan Lewis feat. Ray Dalton,,5:49,Pop,,,"Sing-Along, Positive Vibes"
88,6 - Biceps,Up in the Air,Thirty Seconds to Mars,,4:33,Rock,,,
88,7 - Lunges,Play Hard,David Guetta feat. Ne-Yo & Akon,,5:19,Pop,,,Sing-Along
88,8 - Shoulders,Raving (G! Mix),Brooklyn Bounce & Giorno,,5:20,Pop,,,
88,9 - Core,Only You,Ellie Goulding,,3:55,Pop,,,"Women of Pop, Short (<4:30)"
88,10 - Cooldown,Give Me Love,LL Cool J ft. Seal,,4:31,Hip-Hop,,,Valentine's Day
89,1 - Warmup,Not Alone,Dane Rumble feat. Jupiter Project,87,4:38,Pop,,,"Positive Vibes, Pride"
89,2 - Squats,Raise Those Hands,R3Hab & Bassjackers,128,5:41,EDM,,,New Year's Eve
89,3 - Chest,Where Did the Party Go,Fall Out Boy,94,5:06,Rock,,,"Emo, New Year's Eve"
89,4 - Back,Me & You,Nero,104,5:25,EDM,,,
89,5 - Triceps,Applause,Lady Gaga,95,4:35,Pop,,,"Women of Pop, Sing-Along, New Year's Eve"
89,6 - Biceps,When You Were Young,The Killers,101,5:22,Rock,,,Sing-Along
89,7 - Lunges,Burn,Ellie Goulding,100,5:34,Pop,,,"Women of Pop, Sing-Along, Summer"
89,8 - Shoulders,True Hardstyler (Silver Nikan Radio Edit),Brooklyn Bounce & DJ Zealot,125,5:29,EDM,,,
89,9 - Core,La La La,Naughty Boy feat. Sam Smith,58,3:44,Pop,,,Short (<4:30)
89,10 - Cooldown,Radioactive,Imagine Dragons,0,3:56,Rock,,,"Sing-Along, Halloween, Short (<4:30)"
90,1 - Warmup,You Make Me,Avicii,92,5:20,Rock,,,Sing-Along
90,2 - Squats,What Now,Rihanna,134,5:51,Hip-Hop,,,Women of Pop
90,3 - Chest,Conquistador,Thirty Seconds to Mars,108,5:29,Rock,,,"Emo, Beast Mode"
90,4 - Back,Promises,Nero,118,5:45,EDM,,,
90,5 - Triceps,Walk of Shame,P!nk,94,4:18,Pop,,,"P!nk, Women of Pop, Short (<4:30), Spicy"
90,6 - Biceps,Miss Jackson,Panic! at the Disco feat. Lolo,106,3:59,Rock,,,"Emo, Break-Up Songs, Short (<4:30)"
90,7 - Lunges,Stay the Night,Zedd feat. Hayley Williams,128,5:20,Pop,,,Easy to Learn
90,8 - Shoulders,Thumbs Up (For Rock N Roll) Kill The Noise Remix,Kill the Noise and Feed Me,113,4:37,EDM,,,Positive Vibes
90,9 - Core,Something I Need,OneRepublic,126,4:06,Pop,Hard,,"Hard, Short (<4:30)"
90,10 - Cooldown,How You Remind Me,Nickelback,0,4:07,Rock,,,"Break-Up Songs, Short (<4:30)"
90,6 - Biceps,Everybody Bring It,Ronnie Fi'nesse,128,4:58,Hip-Hop,,,
90,5 - Triceps,Put Your Hands Up,Stevie V feat. III Youth,82,5:15,EDM,,,
91,1 - Warmup,Ten Feet Tall,Wrabel,81,5:04,Pop,,,Positive Vibes
91,2 - Squats,Somebody Told Me,The Killers,135,5:09,Rock,,,"Emo, Sing-Along"
91,3 - Chest,Goodness Gracious,Ellie Goulding,124,5:52,Pop,,,"Positive Vibes, Spring"
91,4 - Back,Beautiful Life (Remix),Armin Van Buuren,78,5:41,EDM,,,Spring
91,5 - Triceps,Hey Brother,Avicii,136,5:18,EDM,,,
91,6 - Biceps,Bad Company,Five Finger Death Punch,93,5:13,Rock,,,
91,7 - Lunges,Find You,Zedd,131,5:31,EDM,,,Pride
91,8 - Shoulders,"Eat, Sleep, Rave, Repeat (Remix)",Fatboy Slim,81,5:08,EDM,,,New Year's Eve
91,9 - Core,Trumpets,Jason Derulo,44,3:42,Pop,,,"Short (<4:30), Spicy"
91,10 - Cooldown,Burning Bridges,OneRepublic,0,4:23,Pop,,,Short (<4:30)
91,9 - Core,Hold On,Colbie Caillat,60,3:39,Pop,,,"Women of Pop, Positive Vibes, Short (<4:30)"
92,1 - Warmup,All We Need Is Love,Ricki-Lee,91,5:16,Pop,,,"Valentine's Day, Positive Vibes, Pride"
92,2 - Squats,GO!,Autoerotique vs Marc Noir,124,5:29,EDM,,,
92,3 - Chest,The Phoenix,Fall Out Boy,124,5:33,Rock,,,Emo
92,4 - Back,Letting Go (LTN Radio Edit),BT Fractal & JES,66,5:35,EDM,,,
92,5 - Triceps,Problem,Ariana Grande feat. Iggy Azalea,95,4:03,Pop,,,"Women of Pop, Break-Up Songs, Positive Vibes, Short (<4:30)"
92,6 - Biceps,Come With Me Now,KONGOS,84,4:34,Rock,,,Easy to Learn
92,7 - Lunges,NRG,Guiltless Happy,155,5:30,EDM,,,
92,8 - Shoulders,Ping Pong (Radio Edit),Armin Van Buuren,101,5:15,EDM,,,
92,9 - Core,Fancy,Iggy Azalea feat. Charli XCX,54,4:20,Pop,,,"Women of Pop, Sing-Along, Short (<4:30)"
92,10 - Cooldown,Chandelier,Sia,0,3:40,Pop,,,"Women of Pop, Sing-Along, New Year's Eve, Short (<4:30)"
92,4 - Back,Dream & Dance,DJ Paffendorf vs Ryan T,92,5:38,EDM,,,"New Year's Eve, Spring"
92,9 - Core,Love Runs Out,OneRepublic,48,3:50,Pop,,,"Sing-Along, Pride, Valentine's Day, Short (<4:30), Positive Vibes"
93,1 - Warmup,Break Free,Ariana Grande feat. Zedd,95,5:00,Pop,,,"Women of Pop, Positive Vibes, Pride, Break-Up Songs"
93,2 - Squats,Booyah (Lucky Date Remix),Showtek feat. We are Loud & Sonny Wilson,95,5:37,EDM,,,
93,3 - Chest,Kings And Queens,Thirty Seconds To Mars,75,5:34,Rock,,,Emo
93,4 - Back,Here Tonight (Carita La Nina Radio Edit),Dash Berlin & Jay Cosmic feat. Colin McLoughlin,78,5:11,EDM,,Easy to Learn,"New Year's Eve, Easy to Learn"
93,5 - Triceps,Bang Bang,"Jessie J, Ariana Grande, & Nicki Minaj",116,4:56,Pop,Hard,,"Women of Pop, Hard, Spicy"
93,6 - Biceps,Centuries,Fall Out Boy,144,4:56,Rock,,,"Emo, Sing-Along"
93,7 - Lunges,1941,Klayplex feat. Virian,121,5:27,EDM,Hard,,"New Year's Eve, Hard"
93,8 - Shoulders,Twisted (Eptic Remix),Fedde le Grand,112,5:37,EDM,,,
93,9 - Core,All About That Bass,Meghan Trainor,136,4:54,Pop,,,"Women of Pop, Spicy"
93,10 - Cooldown,What Are You Waiting For?,Nickelback,0,3:45,Rock,,,Short (<4:30)
93,3 - Chest,Fight On,Jean-Paul Parks,116,5:25,Pop,,,
93,5 - Triceps,Animal,Neon Trees,96,4:36,EDM,,,
94,1 - Warmup,Heroes (We Could Be),Alesso feat. Tove Lo,104,5:31,EDM,Hard,,"Positive Vibes, Hard"
94,2 - Squats,Everybody Go!,Vice,60,5:36,EDM,,,
94,3 - Chest,Burnin' Up,Jessie J feat. 2 Chainz,146,5:34,Pop,,,"Women of Pop, Summer, Spicy"
94,4 - Back,Today (Scooter Remix),Scooter & Vassy,72,5:29,EDM,,,Easy to Learn
94,5 - Triceps,Lips Are Movin,Meghan Trainor,127,4:43,Pop,,,"Women of Pop, Break-Up Songs"
94,6 - Biceps,Get 'Em Up,Nickelback,142,4:57,Rock,,,
94,7 - Lunges,We Make It Bounce,Dillon Francis feat. Major Lazer & Stylo G,178,5:25,EDM,,Easy to Learn,Easy to Learn
94,8 - Shoulders,This Is How It Goes,Zylent feat. Katatonic,102,5:40,Pop,,,
94,9 - Core,Baby Don't Lie,Gwen Stefani,68,4:22,Pop,,,"Women of Pop, Short (<4:30)"
94,10 - Cooldown,Only Love Can Hurt Like This,Paloma Faith,0,4:18,Pop,,,"Valentine's Day, Break-Up Songs, Women of Pop, Short (<4:30)"
94,6 - Biceps,I Bet My Life,Imagine Dragons,71,4:13,Rock,,,Short (<4:30)
95,1 - Warmup,Outside,Calvin Harris feat. Ellie Goulding,85,4:48,Pop,Hard,,"Women of Pop, Summer, Hard, Spring"
95,2 - Squats,Bukem,Autoerotique & 4B,85,5:13,EDM,,,
95,3 - Chest,Uptown Funk,Mark Ronson feat. Bruno Mars,177,6:06,Pop,,,"Sing-Along, Summer, Long (>6 min)"
95,4 - Back,Beautiful World (Radio Edit),Blasterjaxx & DBSTF feat. Ryder,93,5:23,EDM,,,"Positive Vibes, Spring"
95,5 - Triceps,Irresistible,Fall Out Boy,129,4:18,Rock,,,"Valentine's Day, Emo, Easy to Learn, Short (<4:30)"
95,6 - Biceps,GDFR,Flo Rida feat. Sage The Gemini & Lookas,154,4:25,Hip-Hop,,,Short (<4:30)
95,7 - Lunges,Burnin,Calvin Harris & R3Hab,154,6:02,EDM,Hard,,"Summer, Hard, Beast Mode, Long (>6 min)"
95,8 - Shoulders,I Am Machine,Three Days Grace,101,5:17,Rock,,,Beast Mode
95,9 - Core,Sugar,Maroon 5,91,3:59,Pop,,,"Sing-Along, Halloween, Short (<4:30)"
95,10 - Cooldown,Brother,NEEDTOBREATHE feat. Gavin DeGraw,0,3:33,Pop,,,Short (<4:30)
96,1 - Warmup,Five More Hours,Deorro X Chris Brown,94,5:29,Hip-Hop,,,"Sing-Along, New Year's Eve"
96,2 - Squats,Blow Your Mind,Tiesto & MOTI,122,6:12,EDM,Hard,,"Hard, Long (>6 min)"
96,3 - Chest,Immortals,Along Pointless (original: Fall Out Boy),137,6:08,Rock,,,"Emo, Long (>6 min)"
96,4 - Back,The Thrill,Nero,105,5:29,EDM,,,
96,5 - Triceps,Hallelujah,Panic! at the Disco,101,4:16,Rock,,,"Emo, Short (<4:30)"
96,6 - Biceps,Wobble,Flo Rida,158,4:30,Hip-Hop,,,"Valentine's Day, Short (<4:30)"
96,7 - Lunges,Peanut Butter Jelly,Galantis,172,5:21,EDM,,,Spicy
96,8 - Shoulders,Addicted To A Memory,Zedd Feat. Bahari,126,6:06,EDM,Hard,,"Break-Up Songs, Hard, Long (>6 min)"
96,9 - Core,Want To Want Me,Jason Derulo,89,3:32,Pop,,,"Valentine's Day, Short (<4:30)"
96,10 - Cooldown,Adore,Cashmire Cat Feat. Ariana Grande,0,3:41,Pop,,,"Valentine's Day, Women of Pop, Short (<4:30)"
97,1 - Warmup,Scars,Alesso Feat Ryan Tedder,80,5:02,EDM,,,Positive Vibes
97,2 - Squats,Derp,Bassjackers & MAKJ,122,6:17,EDM,,,Long (>6 min)
97,3 - Chest,Generation Day,Godsmack,135,6:05,Rock,,,"Beast Mode, Long (>6 min)"
97,4 - Back,Dark Skies,Nero,80,5:49,EDM,,,"Halloween, Winter"
97,5 - Triceps,Waiting For Love,Avicii,157,5:33,EDM,Hard,,"Sing-Along, Valentine's Day, Hard"
97,6 - Biceps,We Don't Run,Bon Jovi,148,4:39,Rock,,,Sing-Along
97,7 - Lunges,How Deep Is Your Love,Calvin Harris,171,5:46,EDM,,,Valentine's Day
97,8 - Shoulders,Bumble Bee,Zedd & Botnek,119,5:50,EDM,,,"Summer, Spring"
97,9 - Core,Young & Stupid,Travis Mills,55,3:05,Pop,,Easy to Learn,"New Year's Eve, Easy to Learn, Short (<4:30)"
97,10 - Cooldown,Purple,Six60,0,3:48,Pop,,,Short (<4:30)
97,4 - Back,Underworld,Alloy Dreams,80,5:58,EDM,,,
98,1 - Warmup,Strong Ones,Armin Van Buuren,90,5:06,Pop,,,Positive Vibes
98,2 - Squats,Techno,Vinal,124,5:29,EDM,,,
98,3 - Chest,Focus,Ariana Grande,146,5:58,Pop,Hard,,"Women of Pop, Hard"
98,4 - Back,Chased,Andrew Rayel & Mark Sixma,88,5:30,EDM,,,
98,5 - Triceps,Two Minds,Nero,137,5:32,EDM,,,Break-Up Songs
98,6 - Biceps,Victorious,Panic! At The Disco,96,4:34,Rock,,,"Emo, New Year's Eve"
98,7 - Lunges,Memories,KSHMR,154,5:28,EDM,,,"Halloween, Break-Up Songs"
98,8 - Shoulders,Redliner,Nick Skitz,152,5:27,EDM,Hard,,Hard
98,9 - Core,My House,Flo Rida,82,4:08,Hip-Hop,,,"New Year's Eve, Positive Vibes, Short (<4:30)"
98,10 - Cooldown,Bird Set Free,Sia,0,4:18,Pop,,,"Spring, Easy to Learn, Women of Pop, Positive Vibes, Short (<4:30)"
99,1 - Warmup,Mad World,Hardwell Feat. Jake Reese,98,5:29,EDM,,,
99,2 - Squats,Power Glove,Knife Party,138,6:00,EDM,,,"Beast Mode, Long (>6 min)"
99,3 - Chest,In The Dark,3 Doors Down,144,6:08,Rock,Hard,,"Hard, Long (>6 min), Spicy"
99,4 - Back,Winterburn,Andrew Rayel & Digital X Feat. Sylvia Tosun,80,6:11,EDM,,,"Long (>6 min), Winter"
99,5 - Triceps,Something in the Way You Move,Ellie Goulding,112,4:51,Pop,,,"Positive Vibes, Women of Pop, Valentine's Day"
99,6 - Biceps,Emperor's New Clothes,Panic! At The Disco,99,4:16,Rock,,,"Emo, Halloween, Short (<4:30), Spicy"
99,7 - Lunges,Won't Stop Rocking,R3Hab & Headhunters,148,5:30,EDM,,,
99,8 - Shoulders,Old Skool,Armin Van Buuren,111,5:14,EDM,,,
99,9 - Core,Work,Rihanna feat. Drake,117,3:39,Hip-Hop,Hard,,"Women of Pop, Hard, Short (<4:30)"
99,10 - Cooldown,Torches,Daughtry,0,3:35,Rock,,,Short (<4:30)
100,1 - Warmup,This Is What You Came For,Calvin Harris & Rihanna,106,5:58,Pop,,,"Women of Pop, Sing-Along"
100,2 - Squats,Kraken,Knife Party,149,6:14,EDM,,,"Beast Mode, Long (>6 min)"
100,3 - Chest,Bad Man,"Pitbull Feat. Robin Thick, Joe Perry & Travis Barker",185,5:44,Latin,,,
100,4 - Back,Creation,Seven Lions feat Vok,102,6:11,EDM,,,"Long (>6 min), Spring"
100,5 - Triceps,Me Too,Meghan Trainor,71,4:52,Pop,,,Women of Pop
100,6 - Biceps,Who's With Me,Flo Rida,136,5:20,Hip-Hop,,,
100,7 - Lunges,No Money,Galantis,138,5:36,EDM,,,
100,8 - Shoulders,NRG,Chase & Status feat Novelist,115,6:10,EDM,,,Long (>6 min)
100,9 - Core,Wherever I Go,OneRepublic,57,3:57,Pop,,,"Valentine's Day, Short (<4:30)"
100,10 - Cooldown,Just Like Fire,P!nk,0,3:40,Pop,,,"P!nk, Summer, Women of Pop, Positive Vibes, Short (<4:30)"
100,4 - Back,Turn Up,The Heavy,90,5:15,Rock,,,Sing-Along
100,7 - Lunges,Bailar,Deorro Feat Elvis Crespo,158,5:22,Latin,,,
100,8 - Shoulders,Tic Tic Tic,Dada Life feat Lizzy Hale,102,5:23,Rock,,Easy to Learn,Easy to Learn
100,2 - Squats,Feel Your Love,Dannic & Sick Individuals,138,5:57,EDM,,,Valentine's Day
101,1 - Warmup,Run Wild,Hardwell Feat. Jake Reese,104,5:47,EDM,,,"Halloween, Beast Mode, Spring"
101,2 - Squats,Go! (Vincent Price Remix),Wolfpack & Avancada,184,5:56,EDM,,,
101,3 - Chest,Spoken Word,Chase & Status feat George The Poet,132,5:10,Pop,,,"Positive Vibes, Pride"
101,4 - Back,LRAD,Knife Party,90,5:43,EDM,Hard,,Hard
101,5 - Triceps,Friday,PARRI$,140,5:31,Pop,Hard,,Hard
101,6 - Biceps,Jungle Youth,Young The Giant,124,5:43,Rock,,,
101,7 - Lunges,Ocho Cinco,DJ Snake feat. Yellow Claw,131,5:23,EDM,,,Beast Mode
101,8 - Shoulders,Feel Your Love,Flux Pavilion & NGHTMRE feat Jamie Lewis,148,5:55,EDM,,,Valentine's Day
101,9 - Core,Closer,The Chainsmokers feat Halsey,76,4:55,Pop,,,Sing-Along
101,10 - Cooldown,Love On The Brain,Rihanna,0,3:47,Hip-Hop,,,"Women of Pop, Valentine's Day, Short (<4:30)"
102,1 - Warmup,Used To Have It All,Fais & Afrojack,93,5:10,EDM,,,Break-Up Songs
102,2 - Squats,Find Me,Sigma feat. Birdy,122,5:14,EDM,,,"Positive Vibes, Spring"
102,3 - Chest,Sweet Lovin',Sigala,138,5:02,Pop,,,"Valentine's Day, Positive Vibes"
102,4 - Back,Blame,Zeds Dead & Diplo feat Elliphant,98,5:36,Pop,,,
102,5 - Triceps,Drum,Something In The Water,122,5:08,Pop,,,
102,6 - Biceps,All The Way Up,"Fat Joe, Remy Mar, David Guetta",130,5:05,Hip-Hop,,,"Easy to Learn, Beast Mode"
102,7 - Lunges,Lost & Found,Borgeous & 7 Skies,188,5:15,EDM,,,
102,8 - Shoulders,Feel It,GTA & What So Not,174,5:44,Pop,Hard,,Hard
102,9 - Core,Starboy,The Weeknd feat Daft Punk,84,3:56,Hip-Hop,,,"Sing-Along, Short (<4:30)"
102,10 - Cooldown,Capsize,Frenship & Emily Warren,0,4:03,Pop,,,Short (<4:30)
103,1 - Warmup,Places,Martin Solveig feat. Ina Wroldsen,84,5:08,EDM,,,
103,2 - Squats,Here Comes the Sun,Will K feat. Sean Declase,128,5:24,EDM,,,"Summer, Spring"
103,3 - Chest,Believer,Imagine Dragons,118,5:13,Rock,,,"Sing-Along, Positive Vibes"
103,4 - Back,I Need You,Armin Van Buuren feat. Olaf Blackwood,98,6:19,EDM,,,Long (>6 min)
103,5 - Triceps,Come Get It Bae,Pharrell Williams,80,4:41,Hip-Hop,Hard,,Hard
103,6 - Biceps,Let Me Love You,DJ Snake & Justin Bieber,89,4:20,Pop,,,"Sing-Along, Valentine's Day, Short (<4:30)"
103,7 - Lunges,ILYSM,Steve Aoki & Autoerotique,188,6:33,EDM,Hard,,"Hard, Long (>6 min), Valentine's Day"
103,8 - Shoulders,Paris,The Chainsmokers,110,5:35,Pop,,Easy to Learn,"Valentine's Day, Easy to Learn"
103,9 - Core,I Love You,Axwell/\ngrosso feat. Kid Ink,72,3:15,EDM,,,"Valentine's Day, Short (<4:30)"
103,10 - Cooldown,1 Night,Mura Masa feat. Charlie XCXÂ ,0,3:31,Pop,,,Short (<4:30)
104,1 - Warmup,More Than You Know,Axwell/\Ingrosso,77,5:10,Pop,,,
104,2 - Squats,Black Rose,BlasterJaxx feat. Jonathan Mendelsohn,136,6:10,EDM,,,"Halloween, Break-Up Songs, Spring, Beast Mode, Long (>6 min)"
104,3 - Chest,Young And Menace,Fall Out Boy,110,5:34,Rock,,,"Emo, Beast Mode"
104,4 - Back,Ain't Giving Up (WiDE AWAKE Remix),Craig David & Sigala,102,5:15,EDM,,,"Valentine's Day, Positive Vibes, Pride"
104,5 - Triceps,Touch,Little Mix,109,4:21,Pop,,,"Women of Pop, Valentine's Day, Short (<4:30)"
104,6 - Biceps,Back Again,Flosstradamus & Mayhem feat. Waka Flocka Flame,108,5:14,Hip-Hop,,,Spring
104,7 - Lunges,Rise and Shine,Deorro,161,4:51,EDM,,,"Summer, Spring"
104,8 - Shoulders,Into Dust,Paris Blohm feat. Elle Vee,128,5:34,EDM,,,
104,9 - Core,No Vacancy,OneRepublic,92,3:48,Pop,,,Short (<4:30)
104,10 - Cooldown,Quit,Cashmere Cat feat. Ariana Grande,0,4:23,Pop,,,"Women of Pop, Short (<4:30)"
105,1 - Warmup,All Stars,Martin Solveig feat. Alma,78,5:21,Pop,,,"Summer, Positive Vibes"
105,2 - Squats,Do Or Die,Blasterjaxx feat. Lara,130,5:40,EDM,,,"Halloween, New Year's Eve"
105,3 - Chest,The Man,The Killers,122,5:25,Rock,,,
105,4 - Back,Stay For It,RL Grime feat. Miguel,88,6:12,EDM,,,"Sing-Along, Long (>6 min)"
105,5 - Triceps,What About Us,P!nk,133,5:34,Pop,,,"P!nk, Women of Pop, Break-Up Songs"
105,6 - Biceps,Champion,Fall Out Boy,129,4:55,Rock,,,"Emo, Positive Vibes, Pride"
105,7 - Lunges,How Do You Feel Right Now,Axwell/\Ingrosso,236,5:47,Pop,Hard,,Hard
105,8 - Shoulders,Lean Back (NGHTMRE Remix),Terror Squad,123,4:49,Hip-Hop,,Easy to Learn,Easy to Learn
105,9 - Core,Sweat,The All American Rejects,84,3:09,Rock,,,"Emo, Summer, Short (<4:30)"
105,10 - Cooldown,Break My Habits,Topic,0,2:57,Pop,,,Short (<4:30)
106,1 - Warmup,Still The One,Kill The Buzz & Hardwell feat. Max Collins,76,5:06,Pop,,,Positive Vibes
106,2 - Squats,I Am Here,P!nk,122,5:21,Pop,,,"P!nk, Women of Pop, Positive Vibes, Pride"
106,3 - Chest,Little Thing Gone Wild,Black Rebel Motorcycle Club,126,5:30,Rock,,,"Beast Mode, Spring"
106,4 - Back,Say Less,Dillon Francis feat. G-Eazy,130,5:39,EDM,Hard,,"Hard, Beast Mode, Spicy"
106,5 - Triceps,Tell Me You Love Me,Galantis & Throttle,117,4:59,Pop,,,Valentine's Day
106,6 - Biceps,Walk On Water,Thirty Seconds To Mars,124,5:10,Rock,,,"Emo, Positive Vibes"
106,7 - Lunges,Coco's Miracle (Club Mix),Fedde le Grand & Dannic vs Coco Star,268,6:05,EDM,Hard,,"Hard, Long (>6 min)"
106,8 - Shoulders,Tribes,Chase & Status,174,4:54,Hip-Hop,,,"Halloween, Beast Mode"
106,9 - Core,Revenge,P!nk feat. Eminem,97,3:50,Rock,,,"P!nk, Women of Pop, Short (<4:30)"
106,10 - Cooldown,Stargazing,Kygo feat. Justin Jesso,0,4:01,Pop,,,"Summer, Short (<4:30)"
107,1 - Warmup,Lullaby,Sigala & Paloma Faith,86,5:13,Pop,,,
107,2 - Squats,Dreamer (Matisse & Sadko Remix,Axwell/\Ingrosso,140,6:13,EDM,,,"Positive Vibes, Long (>6 min)"
107,3 - Chest,Dangerous Night,Thirty Seconds To Mars,136,5:29,Rock,,,"Emo, Halloween"
107,4 - Back,BOOM,Tiesto & Sevenn feat. Gucci Mane,102,5:38,Hip-Hop,,,Spicy
107,5 - Triceps,No Excuses,Meghan Trainor,132,4:58,Pop,,,"Women of Pop, Break-Up Songs"
107,6 - Biceps,Church,Fall Out Boy,118,5:02,Rock,,,"Emo, Easy to Learn"
107,7 - Lunges,Going Mad,Paces feat. CLYPSO & Raven Felix,214,5:41,EDM,Hard,,"Halloween, Hard"
107,8 - Shoulders,We Want Your Soul (Rob & Jack Remix),Dada Life,126,5:33,EDM,,,Halloween
107,9 - Core,2 Da Moon,"Towkio feat. Teddy Jackson, Grace Webber",62,2:54,Hip-Hop,,,"Halloween, Short (<4:30)"
107,10 - Cooldown,Miss You (NVOY Remix),Young France,0,3:10,EDM,,,Short (<4:30)
107,4 - Back,I Bet You Wanna,Gnome,102,5:38,EDM,,,
108,1 - Warmup,Panic Room,Au/Ra & CamelPhat,82,5:33,EDM,,,Halloween
108,2 - Squats,Pump It Up,"Nari, Pain, Tava & Luciana",146,5:43,EDM,,,"New Year's Eve, Positive Vibes, Pride"
108,3 - Chest,Great Wide Open,Thirty Seconds To Mars,72,6:02,Rock,,,"Emo, Long (>6 min), Spring"
108,4 - Back,Therapy,Armin Van Buuren feat. James Newman,97,6:15,EDM,,,Long (>6 min)
108,5 - Triceps,Say Amen,Panic! At The Disco,146,5:21,Rock,Hard,,"Emo, Hard"
108,6 - Biceps,Make It Rain,Fat Joe & Lil Wayne,147,4:54,Hip-Hop,,,Spring
108,7 - Lunges,Ready For It,Camada feat. Tribes,142,5:04,EDM,,,
108,8 - Shoulders,Boomshakalaka,MR.BLACK & Diego Miranda feat. The Kemist,86,5:40,Hip-Hop,,,"Hard, Beast Mode"
108,9 - Core,Let You Be Right,Meghan Trainor,64,3:57,Pop,,,"Women of Pop, Break-Up Songs, Short (<4:30)"
108,10 - Cooldown,Remind Me To Forget,Kygo & Miguel,0,3:42,Pop,,,"Break-Up Songs, Short (<4:30)"
109,1 - Warmup,Jackie Chan,Tiesto & Dzeko Feat. Preme & Post Malone,92,5:38,EDM,,,
109,2 - Squats,Natural,Imagine Dragons,146,6:25,Rock,Hard,,"Sing-Along, Hard, Long (>6 min)"
109,3 - Chest,Satisfied,Galantis feat. Max,104,5:22,EDM,,,"Sing-Along, Spicy"
109,4 - Back,The Island Pt.1 (Dawn) [Skrillex Remix),Pendulum,114,5:48,EDM,,,Summer
109,5 - Triceps,I Like It,Cardi B,144,5:08,Hip-Hop,Hard,,"Sing-Along, Hard"
109,6 - Biceps,Shadowboxer,Good Charlotte,118,4:59,Rock,,,Emo
109,7 - Lunges,The In Between,Elephante feat. Anjulie,176,5:40,EDM,,,"Break-Up Songs, Spring"
109,8 - Shoulders,Blah Blah Blah,Armin Van Buuren,120,5:29,EDM,Hard,,"Hard, Beast Mode"
109,9 - Core,Complicated,Mura Masa & NAO,65,3:44,Pop,,,"Short (<4:30), Break-Up Songs"
109,10 - Cooldown,Deep End,Daughtry,0,3:59,Rock,,,Short (<4:30)
110,1 - Warmup,I Need,Wilkinson feat. Hayla,111,5:13,EDM,,,"Valentine's Day, Easy to Learn"
110,2 - Squats,Wild Wild Son (Club Mix),Armin Van Buuren feat. Sam Martin,109,5:41,EDM,,,Spring
110,3 - Chest,Heads Up,JAIN,75,4:54,Pop,,,
110,4 - Back,First Time,"Seven Lions, SLANDER & Dabin feat. Dylan Matthew",131,6:23,Pop,,,"Valentine's Day, Long (>6 min)"
110,5 - Triceps,Woman Like Me,Little Mix feat. Nicki Minaj,135,5:35,Pop,,,Women of Pop
110,6 - Biceps,Machine,Imagine Dragons,149,5:12,Rock,Hard,,Hard
110,7 - Lunges,Buscando,GTA & Jenn Morel,172,6:00,Latin,,,Long (>6 min)
110,8 - Shoulders,Losing It,FISHER,122,5:42,EDM,,,
110,9 - Core,Taki Taki,"DJ Snake feat. Selena Gomez, Ozuna & Cardi B",104,3:42,Latin,,,"Women of Pop, Short (<4:30), Sing-Along"
110,10 - Cooldown,Want To,Dua Lipa,0,3:42,Pop,,,"Women of Pop, Short (<4:30)"
110,9 - Core,"1, 2, 3",Liberty Woes,66,3:20,Hip-Hop,,,Short (<4:30)
111,1 - Warmup,Speechless (Nicolas Haelg Remix),Robin Schulz feat. Erika Sirola,88,5:14,EDM,,,Valentine's Day
111,2 - Squats,Chase The Sun (Extended Mix),Hardwell & Dannic feat. Keli- Leigh,121,5:44,EDM,,,"Summer, Spring, Winter"
111,3 - Chest,Youngblood,5 Seconds Of Summer,107,5:38,Rock,,,"Emo, Halloween"
111,4 - Back,Reserve,Egzod feat. Leo The Kind,106,5:43,Rock,Hard,,"Positive Vibes, Beast Mode, Hard"
111,5 - Triceps,High Hopes,Panic! At The Disco,174,5:49,Rock,Hard,,"Emo, Hard"
111,6 - Biceps,Walk Me Home,P!nk,115,4:38,Pop,,,"P!nk, Women of Pop"
111,7 - Lunges,Face My Fears,Upside Below,204,6:01,EDM,,,"Positive Vibes, Long (>6 min), Halloween"
111,8 - Shoulders,Focus,Deorro feat. Lena Leon,129,5:44,EDM,,,
111,9 - Core,FOOLISH,Meghan Trainor,100,3:24,Pop,,,"Valentine's Day, Easy to Learn, Women of Pop, Short (<4:30)"
111,10 - Cooldown,Imagine,Ariana Grande,0,3:37,Pop,,,"Women of Pop, Short (<4:30)"
112,1 - Warmup,So Close,"NOTD, Felix Jaehn & Captain Cuts feat. Georgia Ku",100,5:11,Pop,,,"Break-Up Songs, Easy to Learn, Spring"
112,2 - Squats,Starry Eyes (Steerner Remix),Young Bombs,128,5:43,EDM,,,Summer
112,3 - Chest,Killer Queen,5 Seconds Of Summer,87,5:02,Rock,,,"Emo, Halloween, Break-Up Songs"
112,4 - Back,UCLA (Heimanu Remix),RL Grime feat. 24hrs,102,5:50,Hip-Hop,,,Beast Mode
112,5 - Triceps,Hustle,P!nk,174,5:00,Pop,Hard,,"P!nk, Women of Pop, Hard"
112,6 - Biceps,Dies Irae,Apashe & Black Prez,120,5:39,Hip-Hop,,,"Halloween, Beast Mode"
112,7 - Lunges,Pica,"Deorro, Henry Fong & Elvis Crespo",170,5:41,Latin,,,
112,8 - Shoulders,Do It Again,Steve Aoki & Alok,126,5:26,EDM,,,
112,9 - Core,No New Friends,"LSD feat Sia, Diplo & Labrinth",77,2:59,Pop,,,"Sing-Along, Short (<4:30)"
112,10 - Cooldown,Miracle,Labrinth,0,3:55,Pop,,,Short (<4:30)
113,1 - Warmup,When In Rome,Gattuso & Damon Sharpe,101,5:31,Pop,,,
113,2 - Squats,It's Gonna Be Alright (Netsky & t1r Remix),Jon Lemmon,126,5:25,EDM,,,Positive Vibes
113,3 - Chest,Hope For The Underrated Youth,YUNGBLUD,118,5:08,Rock,,,Emo
113,4 - Back,Don't Kill My High (Squalzz Remix),Lost Kings feat. Wiz Khalifa & Social House,128,5:45,EDM,,,Sing-Along
113,5 - Triceps,Post Malone,Sam Feldt feat. RANI,220,5:40,Pop,,,
113,6 - Biceps,Better As One,Toll Taken,118,4:48,Rock,,,
113,7 - Lunges,When The Lights Go Down,DJ Snake,184,5:55,EDM,,,
113,8 - Shoulders,It Goes Like,Afrojack,136,5:44,EDM,,Easy to Learn,Easy to Learn
113,9 - Core,Mad Love,Mabel,60,2:54,Pop,,,"Valentine's Day, Short (<4:30), Spicy"
113,10 - Cooldown,The Greatest,SIX60,0,2:56,Pop,,,Short (<4:30)
113,9 - Core,Take Me Home,Tamagotchii,60,2:54,EDM,,,Short (<4:30)
114,1 - Warmup,This Groove (Codeko Remix),Oliver Heldens & LENNO,108,5:11,Pop,,,Positive Vibes
114,2 - Squats,Pin The Grenade,Blink-182,152,4:55,Rock,,,"Emo, Break-Up Songs"
114,3 - Chest,Wopbabalubop Bulapbub Boom,Kool Hertz,150,5:28,EDM,,,
114,4 - Back,Your Gain,Swif7,122,5:02,EDM,,,
114,5 - Triceps,Disco Inferno,50 Cent,102,5:36,Hip-Hop,,,Summer
114,6 - Biceps,Like A Girl,Lizzo,170,4:59,Hip-Hop,,,"Women of Pop, Sing-Along, Positive Vibes"
114,7 - Lunges,Lay It Down,Carmada feat. Georgi Kay,204,4:58,EDM,,,
114,8 - Shoulders,Azumba,Head Over Heels,144,5:17,EDM,,,
114,9 - Core,Dance Monkey,Tones and I,92,3:34,Pop,,,"Sing-Along, New Year's Eve, Short (<4:30)"
114,10 - Cooldown,Catching Feelings,Drax Project feat. Six60,0,3:44,Pop,,,Short (<4:30)
115,1 - Warmup,Hold Me Close,Sam Feldt feat. Ella Henderson,95,5:25,Pop,,,Valentine's Day
115,2 - Squats,Green Light,Lady Bri,148,5:03,EDM,,,
115,3 - Chest,Work,Apashe & Vo Williams,140,5:58,EDM,,,
115,4 - Back,Another Way,Seven Lions feat. April Bender,106,5:57,EDM,,,
115,5 - Triceps,Break My Heart,Dua Lipa,74,5:52,Pop,,,"Valentine's Day, Break-Up Songs, Sing-Along, Women of Pop"
115,6 - Biceps,Skip Jump Stomp,Atomic Drum Assembly,116,4:50,EDM,,,
115,7 - Lunges,Faith,Nurko & Dia Frampton,100,4:50,EDM,,,
115,8 - Shoulders,I Can Flex,Brevis & Drama B,132,5:16,EDM,,,
115,9 - Core,Wildflower,5 Seconds of Summer,72,3:46,Rock,,,"Valentine's Day, Emo, Summer, Spring, Short (<4:30)"
115,10 - Cooldown,I Love You's,Hailee Steinfield,0,3:41,Pop,,,"Valentine's Day, Short (<4:30)"
116,1 - Warmup,Otherside,Jon Lemmon,93,5:00,Pop,,,Positive Vibes
116,2 - Squats,The Squat Song (Extended),MOTi & BODYWORX,125,5:12,EDM,,,
116,3 - Chest,Whoppa,Tinie Tempah feat. Sofia Reyes & Farina,115,5:12,Hip-Hop,,,Sing-Along
116,4 - Back,Lacrimosa,Apashe,117,5:27,EDM,,,"Halloween, Hard, Beast Mode"
116,5 - Triceps,Too Far Gone (Wild Cards Remix),Lost Kings feat. Anna Clendening,92,5:14,Pop,,,
116,6 - Biceps,As Good As It Gets,Posthumous Halloumi,110,4:45,Pop,,,"Positive Vibes, Spring, Sing-Along"
116,7 - Lunges,Dhol Life,Wiwek feat. Suraj & Suren,172,4:53,EDM,,,
116,8 - Shoulders,Rari,Swimnaked,105,5:38,Hip-Hop,,,
116,9 - Core,Kadungdung,Kuenta I Tambu,65,2:50,Latin,,,Short (<4:30)
116,10 - Cooldown,My Oasis,Sam Smith feat. Burna Boy,0,3:04,Pop,,,Short (<4:30)
116,4 - Back,Bright,NOAM DEE,136,5:37,EDM,,,
116,3 - Chest,Leyendas,Lu-Ni,115,5:12,EDM,,,
117,1 - Warmup,Heaven On My Mind,Becky Hill & Sigala,96,4:52,Pop,,,Positive Vibes
117,2 - Squats,Nothing For Free,Pendulum,154,5:22,EDM,,,"Beast Mode, Break-Up Songs"
117,3 - Chest,I Hate How Much I Want You,"The Struts, Phil Collen & Joe Elliott",116,5:49,Rock,,,Break-Up Songs
117,4 - Back,The Wolf And Cage,NAOM DEE,108,5:30,EDM,,,
117,5 - Triceps,How You Like That,BLACKPINK,78,4:48,K-Pop,,,Beast Mode
117,6 - Biceps,French Toast,FLOYD WONDER,106,4:46,Hip-Hop,,,Easy to Learn
117,7 - Lunges,I Want It,Yellow Claw & Wiwek,216,5:04,EDM,,,
117,8 - Shoulders,The Movement,Kid Ink,111,5:38,Rock,,,Beast Mode
117,9 - Core,Levitating,Dua Lipa feat. DaBaby,166,3:28,Pop,Hard,,"Women of Pop, Sing-Along, Hard, Short (<4:30)"
117,10 - Cooldown,Diamonds,Sam Smith,0,3:37,Pop,,,"Break-Up Songs, Short (<4:30)"
118,1 - Warmup,Bad At Being Alone (Jay Hardaway Remix),Codeko,81,4:33,Pop,,,
118,2 - Squats,Tell Me You Love Me (Matrix & Futurebound Remix),Demi Lovato,142,5:02,Pop,,,"Women of Pop, Valentine's Day"
118,3 - Chest,This Is My World,Esterly feat. Austin Jenckes,146,6:01,Rock,,,Long (>6 min)
118,4 - Back,Mula,Eliminate,114,5:59,EDM,,,
118,5 - Triceps,Feeling Alive,Earl St. Clair,122,5:20,Pop,Hard,,"Positive Vibes, Hard, Spring"
118,6 - Biceps,Drip,Boombox Cartel & Dillon Francis feat. Desiigner,118,4:28,Hip-Hop,,,"Winter, Short (<4:30)"
118,7 - Lunges,Dura,Daddy Yankee,157,5:48,Latin,Hard,,Hard
118,8 - Shoulders,Winter is Coming,CloZee,100,5:33,EDM,,,Winter
118,9 - Core,Rotate,Becky G & Burna Boy,64,3:24,Pop,,,Short (<4:30)
118,10 - Cooldown,Beautiful Mistake,Maroon 5 feat. Megan Thee Stallion,0,3:52,Pop,,,Short (<4:30)
119,1 - Warmup,Imagine,Punctual,88,4:53,Pop,,,
119,2 - Squats,All You Ever Wanted (Sub Focus Remix),Rag'n'Bone Man,148,6:15,EDM,,,Long (>6 min)
119,3 - Chest,Come Alive,Pendulum,128,6:25,Rock,,,"Beast Mode, Halloween, Spring, Long (>6 min)"
119,4 - Back,1000 Faces,Jason Ross & Dia Frampton,97,5:17,EDM,,Easy to Learn,Easy to Learn
119,5 - Triceps,What's Up Danger,Blackway & Black Caviar,104,5:23,Hip-Hop,,,Halloween
119,6 - Biceps,Boom! Shake The Room,DJ Jazzy Jeff & The Fresh Prince,136,4:48,Hip-Hop,,,"Positive Vibes, Sing-Along"
119,7 - Lunges,Girl With The Bat,Idris Elba feat. Shadow Boxxer,179,5:54,EDM,,,Halloween
119,8 - Shoulders,Singularity,REMNANT.exe,158,5:11,EDM,,,Beast Mode
119,9 - Core,Nobody Like You (Retrovision Flip),Landis,254,5:18,EDM,,,
119,10 - Cooldown,Be Somebody,Dillion Francis feat. Evie Irie,0,2:49,Pop,,,Short (<4:30)
120,1 - Warmup,Remember,Divvy Nation,67,4:56,Pop,,,
120,2 - Squats,Alive,Dimension feat. Poppy Baskcomb,140,6:04,Pop,,,"Positive Vibes, Spring, Long (>6 min)"
120,3 - Chest,Go Hard or Go Home,Wiz Khalifa & Iggy Azalea,109,4:58,Hip-Hop,,,Beast Mode
120,4 - Back,Peace (Kaivon Remix),Alison Wonderland,93,5:06,EDM,,,Break-Up Songs
120,5 - Triceps,By Your Side,Calvin Harris feat. Tom Grennan,115,4:55,EDM,,,"Positive Vibes, Easy to Learn"
120,6 - Biceps,Jungle,X-Ambassadors & Jamie N Commons,99,4:58,Rock,,,"Hard, Beast Mode, Easy to Learn"
120,7 - Lunges,Your Body,Valentino Khan x Nitti Gritti,148,4:59,EDM,,,
120,8 - Shoulders,Come & Go,Juice WRLD & Marshmello,83,4:52,EDM,,,Sing-Along
120,9 - Core,Gold (KYND Remix),Sebastian feat. Bright Sparks,98,4:53,Pop,,,Break-Up Songs
120,10 - Cooldown,y r u far away,Jon Lemmon feat. MAREINBAD,0,3:17,Pop,,,Short (<4:30)
121,1 - Warmup,Tokyo,3LAU feat. XIRA,75,5:14,Pop,,,
121,2 - Squats,Downtown,Nice Enough feat. Ash,120,5:42,EDM,,,
121,3 - Chest,Anita,Armin van Buuren & Timmy Trumpet,149,5:26,Latin,,,
121,4 - Back,Aarena,ISOxo,101,5:45,EDM,Hard,,Hard
121,5 - Triceps,MONTERO (Call Me By Your Name),Little Nas X,94,4:39,Hip-Hop,,,Sing-Along
121,6 - Biceps,damn Right Pt. 2,AUDREY NUNA & DJ Snake,130,4:59,Hip-Hop,,,
121,7 - Lunges,Follow Me,Wiwek,128,5:22,EDM,,,
121,8 - Shoulders,Shake The Ground,NOAM DEE,100,5:43,EDM,,,Spring
121,9 - Core,Don't Go Yet,Trilobite Trilogy,170,4:38,Pop,,,
121,10 - Cooldown,Moth To A Flame,Swedish House Mafia & The Weeknd,0,3:59,Pop,,,"Sing-Along, Short (<4:30)"
122,1 - Warmup,Not Alone,Codeko & April Bender,123,4:55,EDM,,,
122,2 - Squats,BADBOY,Fas Fash,108,4:58,EDM,,,
122,3 - Chest,edamame,bbno$ & Rich Brian,95,5:06,Hip-Hop,,,"Beast Mode, Hard, Spicy"
122,4 - Back,U & Me (Baauer Remix),alt-J,112,5:39,EDM,,,
122,5 - Triceps,Dirty Sexy Money,Chilli Larder,104,4:31,Pop,,,
122,6 - Biceps,HUMBLE (Skrillex Remix),Kendrick Lamar,104,3:59,Hip-Hop,,,"Beast Mode, Short (<4:30)"
122,7 - Lunges,Holy Water,Galantis,176,4:35,Pop,,,"Easy to Learn, Spicy"
122,8 - Shoulders,GUD VIBRATIONS,NGHTMRE & SLANDER,119,5:25,EDM,,,Positive Vibes
122,9 - Core,Say Nothing,Flume feat. MAY-A,152,5:10,Pop,,,
122,10 - Cooldown,Cool Again,Faraway Earthside,0,3:17,Pop,,,"Winter, Short (<4:30)"
122,7 - Lunges,I've Found My Way,Hallman feat. ELWIN,176,4:35,Pop,,,Positive Vibes
123,1 - Warmup,Run (Galantis & Misha K VIP Mix),Becky Hill & Galantis,77,4:33,Pop,,,"Break-Up Songs, Women of Pop"
123,2 - Squats,Watercolour,Chromium Chaos,112,5:09,EDM,,,Spring
123,3 - Chest,Clap Snap,Icona Pop,136,5:33,Pop,,Easy to Learn,"Women of Pop, Positive Vibes, Easy to Learn"
123,4 - Back,Flatline,Blanke feat. Calivania,118,5:26,EDM,,,
123,5 - Triceps,Medicine,E-Jux,114,5:04,Pop,,,
123,6 - Biceps,Bad Girls,M.I.A,93,5:15,Hip-Hop,Hard,,"Hard, Spicy"
123,7 - Lunges,The Way We Do This,Ape Drums feat. Busy Signal & Major,164,5:51,EDM,,,Beast Mode
123,8 - Shoulders,Take U There,Jack U feat. Kiesza,100,4:57,EDM,,,
123,9 - Core,Money Money,Molly Wolfes,72,4:02,Pop,,,Short (<4:30)
123,10 - Cooldown,Sunday,Joy Oladokun,0,3:18,Pop,,,Short (<4:30)
123,3 - Chest,Delicately Poised,Capital Theatre,85,5:41,Rock,,,
124,1 - Warmup,Drive Away (RetroVision Remix),Krewella,106,5:13,Pop,,,Break-Up Songs
124,2 - Squats,We've Got Us,Mecco,136,5:40,Pop,,,
124,3 - Chest,Lonely Boy,The Black Keys,103,4:53,Rock,,,"Hard, Break-Up Songs"
124,4 - Back,Won't Make A Sound,ARMNHMR & NURKO feat. Micah Martin,88,6:37,Rock,,,Long (>6 min)
124,5 - Triceps,2 Be Loved (Am I Ready),Lizzo,106,5:17,Hip-Hop,,Easy to Learn,"Women of Pop, Valentine's Day, Sing-Along, Easy to Learn"
124,6 - Biceps,Fancy (GTA Remix),Iggy Azalea feat. Charli XCX,91,4:17,Hip-Hop,,,Short (<4:30)
124,7 - Lunges,Voodoo (Tiesto Remix),Badshah & J Balvin,108,4:53,Latin,,Easy to Learn,"Halloween, Easy to Learn, Beast Mode"
124,8 - Shoulders,Hunnid,Chino Casino,90,4:42,Hip-Hop,,,
124,9 - Core,Now Is When I Need You,Goldfield,111,5:12,Pop,,,
124,10 - Cooldown,LOL,Mabel,0,3:37,Pop,,,Short (<4:30)
United,1 - Warmup,Better Off Without You,Becky Hill feat. Shift K3Y,98,5:19,Pop,,,"Women of Pop, Break-Up Songs, Positive Vibes"
United,2 - Squats,Oh My My,Summer Kennedy,124,5:35,Pop,,,"Women of Pop, Positive Vibes"
United,3 - Chest,Sway With Me,Ivory Stone,120,5:09,Hip-Hop,,,
United,4 - Back,Pray,Egzod feat. RIELL,90,5:16,EDM,,Easy to Learn,Easy to Learn
United,5 - Triceps,Stupid Love,Lady Gaga,94,5:18,Pop,,,"Women of Pop, Valentine's Day, Break-Up Songs"
United,6 - Biceps,Billionaire,FLOYD WONDER,141,5:03,Hip-Hop,,,Easy to Learn
United,7 - Lunges,Gold,Koven,144,5:06,Pop,,Easy to Learn,"Break-Up Songs, Easy to Learn"
United,8 - Shoulders,Break It Down,Big Dope P,112,5:01,EDM,,,
United,9 - Core,Maldad,Steve Aoki & Maluma,46,2:52,Pop,,,"Easy to Learn, Short (<4:30)"
United,10 - Cooldown,Sanctuary,Welshly Arms,0,3:52,Rock,,,"Valentine's Day, Positive Vibes, Short (<4:30)"
125,1 - Warmup,My Feelings,Riggi & Piros x VENIICE with RANI,,4:54,Pop,,,
125,2 - Squats,Big City Life,Luude & Mattafix,,5:04,Pop,,,
125,3 - Chest,Pump It Louder,Tiesto & Black Eyed Peas,,5:22,EDM,,Easy to Learn,"Sing-Along, New Year's Eve, Easy to Learn"
125,4 - Back,My Feet Don't Work No More,Splasher,,5:50,Rock,,,
125,5 - Triceps,Worth It,Fifth Harmony feat. Kid Ink,,5:37,Pop,,Easy to Learn,"Women of Pop, Easy to Learn"
125,6 - Biceps,Drop It,K3rk,,5:17,Pop,,,
125,7 - Lunges,Goin Up,Valentino Khan,,5:19,Pop,,,
125,8 - Shoulders,Free,Shy Guys,,5:14,Pop,,,
125,9 - Core,Tropicana,Boomdabash feat. Annalisa,,4:42,Latin,,,Summer
125,10 - Cooldown,Fantasy,Traiko,,4:06,Pop,,,"Valentine's Day, Sing-Along, Women of Pop, Short (<4:30)"
126,1 - Warmup,about you (Felix Cartal Remix),NOTD feat. Nightly,,4:39,EDM,,,
126,2 - Squats,La Bomba,Armin van Buuren & Blasterjaxx,,5:51,EDM,,,Beast Mode
126,3 - Chest,Massive,Drake,,5:42,Hip-Hop,,,
126,4 - Back,Scandalous (Hairitage Remix),Gryffin & Tinashe,,4:57,EDM,,Easy to Learn,Easy to Learn
126,5 - Triceps,I'm Not Cool,HyunA,,4:51,K-Pop,,,Summer
126,6 - Biceps,Icon,Jaden,,4:51,Hip-Hop,,,
126,7 - Lunges,Morenita,Blusek,,5:40,Pop,,,
126,8 - Shoulders,Higher Ground,TNGHT,,5:31,Pop,,,Spring
126,9 - Core,Ghetto Rock,Friend Within,,4:52,Pop,,,
126,10 - Cooldown,headlock,Tep No x Marshall X Lindsey Ray,,3:17,Pop,,,Short (<4:30)
127,1 - Warmup,Don't Forget My Love (BURNS Remix),Diplo & Miguel,,5:37,EDM,,,Valentine's Day
127,2 - Squats,When I'm Gone (Curbi Remix),PEEKABOO feat. XAELO,,5:41,EDM,,,Break-Up Songs
127,3 - Chest,GOKU,Jaden,,5:23,Hip-Hop,,,
127,4 - Back,Anywhere,MRVLZ,,4:42,Pop,,,
127,5 - Triceps,MIC Drop,Mast Boldface,,6:03,Pop,,,Long (>6 min)
127,6 - Biceps,Mambo Salentino,Boomdabash feat. Alessandra Amoroso,,5:15,Pop,,,Easy to Learn
127,7 - Lunges,17 (Extended Mix),MK,,6:09,EDM,,,"Positive Vibes, Long (>6 min)"
127,8 - Shoulders,JSYK,Pauline Herr,,6:09,Pop,,,Long (>6 min)
127,9 - Core,Guerrilla,Remi Wolf,,4:35,Pop,,,
127,10 - Cooldown,6 ft.,Vindata,,4:18,Pop,,,Short (<4:30)
128,1 - Warmup,Antidote,Audien & Codeko feat. JT Roach,,5:08,Pop,,,"Beast Mode, Positive Vibes"
128,2 - Squats,Dynamite (Dr Phunk Remix),"Nicky Romero, Mike Williams & Amba Shepherd",,6:02,EDM,,,"Beast Mode, Long (>6 min)"
128,3 - Chest,God is a Dancer (Cheyenne Giles & Knock2 Remix),Tiesto & Mabel,,5:19,EDM,,,Beast Mode
128,4 - Back,Paranoid,Lux Holm & Glaceo,,4:58,Pop,Hard,,Hard
128,5 - Triceps,Eat Your Man,"Khansas (original: Nelly Furtado, Dom Dolla)",,6:21,Hip-Hop,,,"Long (>6 min), Spicy"
128,6 - Biceps,Jacare,Hottica (original: Sofi Tukker),,4:42,Latin,,,Easy to Learn
128,7 - Lunges,How To Love (Boombox Cartel Remix),Cash Cash feat. Sofia Reyes,,5:23,EDM,,,Valentine's Day
128,8 - Shoulders,Let You Go,Pauline Herr,,4:48,Pop,,,
128,9 - Core,If Only I,Loud Luxury x Two Friends feat. Bebe Rexha,,4:11,Pop,,,"Women of Pop, Short (<4:30)"
128,10 - Cooldown,Low Again,Bobby Weaving,,5:12,Pop,,,
129,1 - Warmup,Need Your Love,Felix Cartal & Karen Harding,,5:02,Pop,,,Valentine's Day
129,2 - Squats,Roll With The Bass,Dan Aux,,6:21,EDM,Hard,,"New Year's Eve, Hard, Long (>6 min)"
129,3 - Chest,Bun Up the Dance,Dillon Francis & Skrillex,,5:52,EDM,,,
129,4 - Back,Whole Heart (BKAYE Remix),Gryffin & Bipolar Sunshine,,5:12,EDM,,,"Valentine's Day, Positive Vibes"
129,5 - Triceps,Strictly 4 Tha,Moss & Example,,5:28,Hip-Hop,,,
129,6 - Biceps,Rude Boy,Rihanna,,5:07,Hip-Hop,,,"Spicy, Women of Pop, Sing-Along"
129,7 - Lunges,Free,"Dillon Francis, Alesso & Clementine Douglas",,4:51,EDM,,,
129,8 - Shoulders,Asking (Tiesto Remix),Sonny Fodera & MK feat. Clementine Douglas,,5:42,EDM,,,Beast Mode
129,9 - Core,MANIAC,Stray Kids,,4:56,K-Pop,,,Sing-Along
129,10 - Cooldown,Water,Tyla,,5:04,Pop,,,"Valentine's Day, Spring"
130,1 - Warmup,Easy,3LAU feat. XIRA,,5:13,Pop,,,
130,2 - Squats,Mr. Brightside,Arcando & Livingston Crain,,6:02,Rock,,,"Sing-Along, Long (>6 min)"
130,3 - Chest,BOTH (David Guetta & Seth Hills Remix),Tiesto,,5:25,EDM,,Easy to Learn,"Beast Mode, Easy to Learn"
130,4 - Back,Escape (Dan Aux Remix),Nice Enough,,5:08,EDM,,,
130,5 - Triceps,Beggin',Chris Lake & Aluna,,6:01,Hip-Hop,,,"Spicy, Long (>6 min)"
130,6 - Biceps,MEGAVERSE,Stray Kids,,4:48,K-Pop,,,
130,7 - Lunges,SPEAK up! (ISOxo Remix),Knock2,,5:12,EDM,Hard,,Hard
130,8 - Shoulders,Where You Are,Yesssss,,5:48,Pop,,,
130,9 - Core,La Tarde,Jude & Frank and AtcG,,5:14,Latin,,,
130,10 - Cooldown,Saturn,SZA,,4:02,Pop,,,Short (<4:30)
131,1 - Warmup,Maze,Punctual feat. PHIA,,4:35,Pop,,,
131,2 - Squats,Blind Faith,Chase & Status feat. Liam Bailey,,6:09,EDM,,Easy to Learn,"Positive Vibes, Easy to Learn, Long (>6 min)"
131,3 - Chest,Toxic (Phibes Remix),Songer,,5:29,Hip-Hop,,,
131,4 - Back,Selecta,Chase & Status feat. Stefflon Don,,6:16,EDM,,,"Long (>6 min), Beast Mode"
131,5 - Triceps,These Words,Badger & Natasha Bedingfield,,4:34,EDM,,Easy to Learn,"Beast Mode, Easy to Learn, Women of Pop,"
131,6 - Biceps,Drama,aespa,,4:23,K-Pop,,,Short (<4:30)
131,7 - Lunges,Humo,"Dillon Francis, Good Times Ahead",,5:34,Latin,,,
131,8 - Shoulders,Traces Of You (Luca Lush Remix),Nytrix,,5:28,EDM,,,Break-Up Songs
131,9 - Core,Swish Swish (Valentino Khan Remix),Katy Perry feat. Nicki Minaj,,5:25,Pop,,,Women of Pop
131,10 - Cooldown,Espresso,Sabrina Carpenter,,4:24,Pop,,,"Spicy, Women of Pop, Sing-Along, Short (<4:30)"
132,1 - Warmup,Shiver,Cleanhitterz,,5:48,EDM,,,Winter
132,2 - Squats,Convivium,Gabry Ponte & T-78 Trish Belt,,6:22,EDM,,Easy to Learn,"Beast Mode, Easy to Learn, Long (>6 min)"
132,3 - Chest,Delilah (pull me out of this),Fred again..,,6:13,EDM,,,"Easy to Learn, Long (>6 min)"
132,4 - Back,No Glory (LBLVNC Remix),Skan & Krale feat. M.I.M.E & Drama B,,5:45,EDM,,,
132,5 - Triceps,When You Were Young (Calvin Harris Remix),The Killers,,5:09,Rock,,,
132,6 - Biceps,Say Amen (Saturday Night) (Sweater Beats Remix),Panic! At The Disco,,4:51,Rock,,,Emo
132,7 - Lunges,Droppin' Hot,Bingo Players x Firebeatz feat. Sonny Wilson,,4:41,Pop,,,Summer
132,8 - Shoulders,ZENLESS,"Tiesto, Lucas & Steve, Silent Child",,5:17,EDM,,Easy to Learn,Easy to Learn
132,9 - Core,Time for Toms,Like Heart,,5:50,Latin,,,
132,10 - Cooldown,Lose My Cool,Niko Walters feat. Will,,3:26,Pop,,,Short (<4:30)
133,1 - Warmup,Another World,MEDUZA & HAYLA,,4:43,EDM,,,Easy to Learn
133,2 - Squats,Sun Is Shining,Funkstar De Luxe x Fred V,,5:11,EDM,,,"Summer, Easy to Learn"
133,3 - Chest,Kill It,aespa,,5:20,K-Pop,,,Beast Mode
133,4 - Back,SMACK TALK,"ISOxo, Knock2, RL Grime, ISOKNOCK",,5:25,EDM,,,Beast Mode
133,5 - Triceps,Its ok I'm ok,Tate McRae,,5:00,Pop,,Easy to Learn,"Women of Pop, Break-Up Songs, Easy to Learn"
133,6 - Biceps,HOT TO GO!,Chappell Roan,,5:00,Pop,,,"Women of Pop, Pride, Spicy, Sing-Along, Valentine's Day, Summer"
133,7 - Lunges,My My My,Promise Land x Skullwell,,5:17,EDM,Hard,,"Positive Vibes, Hard"
133,8 - Shoulders,In My Mind (Extended Mix),"Gabry Ponte, Giuseppe Ottaviani feat. Malou",,5:55,EDM,,,
133,9 - Core,Candela,Sunlay,,5:00,Latin,,,
133,10 - Cooldown,Rumble,Rag'n'Bone Man,,3:31,Pop,,,Short (<4:30)
134,1 - Warmup,Tell Me,Sonny Fodera & Clementine Douglas,,5:19,EDM,,,Easy to Learn
134,2 - Squats,Touch Me,SaberZ x Lister,,5:10,EDM,,,Easy to Learn
134,3 - Chest,Abracadabra,Lady Gaga,,5:54,Pop,,,"Women of Pop, Sing-Along, Halloween, Pride"
134,4 - Back,come aliv3,RL Grime & Knock2 feat. Abi Flynn,,5:21,EDM,,,"Halloween, Spring"
134,5 - Triceps,Alo,Nono,,5:05,Hip-Hop,,,
134,6 - Biceps,God's Menu,Stray Kids,,4:20,K-Pop,,,Short (<4:30)
134,7 - Lunges,MAMI,Laidback Luke & Henry Fong,,5:13,Latin,,,
134,8 - Shoulders,Something About You,Giuseppe Ottaviani feat. Adriana Stone,,5:50,EDM,,,Valentine's Day
134,9 - Core,LESSGO,G.L.A.M. feat. Black Caviar,,4:01,Hip-Hop,,,"Easy to Learn, Short (<4:30)"
134,10 - Cooldown,Jitterbug,Niko Walters & Will Henderson,,2:51,Pop,,,"Positive Vibes, Short (<4:30)"
135,1 - Warmup,Here In Your Arms,Nathan Dawe & Abi Flynn,,5:10,EDM,,,Valentine's Day
135,2 - Squats,Sound of You,"Pendulum, Armin van Buuren & Rob Swire",,5:58,EDM,,,"Easy to Learn, Valentine's Day"
135,3 - Chest,Gnarly,KATSEYE,,4:38,K-Pop,,,Easy to Learn
135,4 - Back,STACKS,TRICKSTAR & Dirty Audio,,4:57,EDM,,,
135,5 - Triceps,Super Graphic Ultra Modern Girl,Chappell Roan,,5:01,Pop,,,"Valentine's Day, Pride, Women of Pop, Sing-Along, Spicy"
135,6 - Biceps,R U SLEEPING,Sigma feat. Dizzee Rascal & Coco,,4:53,EDM,,,
135,7 - Lunges,Mind Still,Sonny Fodera feat. blythe,,5:00,EDM,,,Easy to Learn
135,8 - Shoulders,Lift Off,Hardwell,,6:18,EDM,,,Long (>6 min)
135,9 - Core,Gasolina,Sunlay,,5:34,EDM,,,
135,10 - Cooldown,Ate That,NTP feat. Rubi Du,,3:16,Hip-Hop,,,Short (<4:30)